Message Name,Message ID,Signal Name,Start Bit,Length,Unit
E44_MCU,0x90f8109b,MCU_W_Phase_Current,32,16,A
E44_MCU,0x90f8109b,MCU_V_Phase_Current,16,16,A
E44_MCU,0x90f8109b,MCU_U_Phase_Current,0,16,A
E10_IPM_IOT,0x9cf402db,IPM_IoT_VSTD1Range,40,8,km
E10_IPM_IOT,0x9cf402db,IPM_IoT_VSTD0Range,32,8,km
E10_IPM_IOT,0x9cf402db,IPM_IoT_VehicleSpeed,0,16,km/h
E10_IPM_IOT,0x9cf402db,IPM_IoT_RemainedRange,16,16,km
E39_BMS1_FailureCode,0x980b50f5,BMS1_VoltageAcquisitionFailure,23,1,
E39_BMS1_FailureCode,0x980b50f5,BMS1_TotalUndervoltage,12,1,
E39_BMS1_FailureCode,0x980b50f5,BMS1_TotalOvervoltage,9,1,
E39_BMS1_FailureCode,0x980b50f5,BMS1_TempAcquisitionFailure,24,1,
E39_BMS1_FailureCode,0x980b50f5,BMS1_MosTemperature,6,1,
E39_BMS1_FailureCode,0x980b50f5,BMS1_MosHighTemperature,19,1,
E39_BMS1_FailureCode,0x980b50f5,BMS1_LoadAccess,4,1,
E39_BMS1_FailureCode,0x980b50f5,BMS1_FullCharging,10,1,
E39_BMS1_FailureCode,0x980b50f5,BMS1_EnvironLowTemperature,18,1,
E39_BMS1_FailureCode,0x980b50f5,BMS1_EnvironHighTemperature,17,1,
E39_BMS1_FailureCode,0x980b50f5,BMS1_Discharging,0,1,
E39_BMS1_FailureCode,0x980b50f5,BMS1_DischargeShortCircuit,21,1,
E39_BMS1_FailureCode,0x980b50f5,BMS1_DischargeOvercurrent,20,1,
E39_BMS1_FailureCode,0x980b50f5,BMS1_DischargeMosOn,2,1,
E39_BMS1_FailureCode,0x980b50f5,BMS1_DischargeMosFailure,25,1,
E39_BMS1_FailureCode,0x980b50f5,BMS1_DischargeLowTemperature,14,1,
E39_BMS1_FailureCode,0x980b50f5,BMS1_DischargeHighTemperature,13,1,
E39_BMS1_FailureCode,0x980b50f5,BMS1_ChargingOvercurrent,22,1,
E39_BMS1_FailureCode,0x980b50f5,BMS1_ChargingMosFailure,26,1,
E39_BMS1_FailureCode,0x980b50f5,BMS1_ChargingLowTemperature,16,1,
E39_BMS1_FailureCode,0x980b50f5,BMS1_ChargingHighTemperature,15,1,
E39_BMS1_FailureCode,0x980b50f5,BMS1_Charging,1,1,
E39_BMS1_FailureCode,0x980b50f5,BMS1_ChargerisConnected,5,1,
E39_BMS1_FailureCode,0x980b50f5,BMS1_ChargeMosOn,3,1,
E39_BMS1_FailureCode,0x980b50f5,BMS1_CellVoltageDifference,27,1,
E39_BMS1_FailureCode,0x980b50f5,BMS1_CellUndervoltage,11,1,
E39_BMS1_FailureCode,0x980b50f5,BMS1_CellOvervoltage,8,1,
E39_BMS1_FailureCode,0x980b50f5,BMS1_AmbientTemperature,7,1,
E19_BMS0_FailureCode,0x980b50f4,BMS0_VoltageAcquisitionFailure,23,1,
E19_BMS0_FailureCode,0x980b50f4,BMS0_TotalUndervoltage,12,1,
E19_BMS0_FailureCode,0x980b50f4,BMS0_TotalOvervoltage,9,1,
E19_BMS0_FailureCode,0x980b50f4,BMS0_TempAcquisitionFailure,24,1,
E19_BMS0_FailureCode,0x980b50f4,BMS0_MosTemperature,6,1,
E19_BMS0_FailureCode,0x980b50f4,BMS0_MosHighTemperature,19,1,
E19_BMS0_FailureCode,0x980b50f4,BMS0_LoadAccess,4,1,
E19_BMS0_FailureCode,0x980b50f4,BMS0_FullCharging,10,1,
E19_BMS0_FailureCode,0x980b50f4,BMS0_EnvironLowTemperature,18,1,
E19_BMS0_FailureCode,0x980b50f4,BMS0_EnvironHighTemperature,17,1,
E19_BMS0_FailureCode,0x980b50f4,BMS0_Discharging,0,1,
E19_BMS0_FailureCode,0x980b50f4,BMS0_DischargeShortCircuit,21,1,
E19_BMS0_FailureCode,0x980b50f4,BMS0_DischargeOvercurrent,20,1,
E19_BMS0_FailureCode,0x980b50f4,BMS0_DischargeMosOn,2,1,
E19_BMS0_FailureCode,0x980b50f4,BMS0_DischargeMosFailure,25,1,
E19_BMS0_FailureCode,0x980b50f4,BMS0_DischargeLowTemperature,14,1,
E19_BMS0_FailureCode,0x980b50f4,BMS0_DischargeHighTemperature,13,1,
E19_BMS0_FailureCode,0x980b50f4,BMS0_ChargingOvercurrent,22,1,
E19_BMS0_FailureCode,0x980b50f4,BMS0_ChargingMosFailure,26,1,
E19_BMS0_FailureCode,0x980b50f4,BMS0_ChargingLowTemperature,16,1,
E19_BMS0_FailureCode,0x980b50f4,BMS0_ChargingHighTemperature,15,1,
E19_BMS0_FailureCode,0x980b50f4,BMS0_Charging,1,1,
E19_BMS0_FailureCode,0x980b50f4,BMS0_ChargerisConnected,5,1,
E19_BMS0_FailureCode,0x980b50f4,BMS0_ChargeMosOn,3,1,
E19_BMS0_FailureCode,0x980b50f4,BMS0_CellVoltageDifference,27,1,
E19_BMS0_FailureCode,0x980b50f4,BMS0_CellUndervoltage,11,1,
E19_BMS0_FailureCode,0x980b50f4,BMS0_CellOvervoltage,8,1,
E19_BMS0_FailureCode,0x980b50f4,BMS0_AmbientTemperature,7,1,
E53_SBC_Status2,0x592,SBC_OutputCurrent,32,16,A
E53_SBC_Status2,0x592,SBC_OutputVoltage,16,16,V
E53_SBC_Status2,0x592,SBC_InputVoltage,0,16,V
E42_BMS1_ChargerVoltageCurrent,0x9806e5f5,BMS1_OutputControl,32,8,
E42_BMS1_ChargerVoltageCurrent,0x9806e5f5,BMS1_MaxVoltage,0,16,V
E42_BMS1_ChargerVoltageCurrent,0x9806e5f5,BMS1_MaxCurrent,16,16,A
E41_BMS1_DebugInfo,0x980950f5,BMS1_VersionNumber,0,16,
E40_BMS1_Capacity,0x980a50f5,BMS1_CycleCount,48,16,
E40_BMS1_Capacity,0x980a50f5,BMS1_RemainingCapacity,16,16,mAh
E40_BMS1_Capacity,0x980a50f5,BMS1_Heating,40,8,
E40_BMS1_Capacity,0x980a50f5,BMS1_DesignCapacity,0,16,mAh
E40_BMS1_Capacity,0x980a50f5,BMS1_ChargingStatus,32,8,
E38_BMS1_SystemStatus,0x980850f5,BMS1_OCC_ODC_SC,60,1,
E38_BMS1_SystemStatus,0x980850f5,BMS1_MOS_Over_Temp,58,1,
E38_BMS1_SystemStatus,0x980850f5,BMS1_HardException,56,1,
E38_BMS1_SystemStatus,0x980850f5,BMS1_CellVoltage_Difference,59,1,
E38_BMS1_SystemStatus,0x980850f5,BMS1_CellCore_OverUnder_Temp,57,1,
E38_BMS1_SystemStatus,0x980850f5,BMS1_Current,32,16,A
E38_BMS1_SystemStatus,0x980850f5,BMS1_TotalVoltage,0,16,V
E38_BMS1_SystemStatus,0x980850f5,BMS1_SOC,16,16,%
E38_BMS1_SystemStatus,0x980850f5,BMS1_MosRelayStatus,48,8,
E37_BMS1_Temperature,0x980750f5,BMS1_Temperature3,48,16,¡É
E37_BMS1_Temperature,0x980750f5,BMS1_Temperature2,32,16,¡É
E37_BMS1_Temperature,0x980750f5,BMS1_Temperature1,16,16,¡É
E37_BMS1_Temperature,0x980750f5,BMS1_Temperature0,0,16,¡É
E36_BMS1_CellVoltage6,0x980650f5,BMS1_Cell_23_Voltage,48,16,mV
E36_BMS1_CellVoltage6,0x980650f5,BMS1_Cell_22_Voltage,32,16,mV
E36_BMS1_CellVoltage6,0x980650f5,BMS1_Cell_21_Voltage,16,16,mV
E36_BMS1_CellVoltage6,0x980650f5,BMS1_Cell_20_Voltage,0,16,mV
E35_BMS1_CellVoltage5,0x980550f5,BMS1_Cell_19_Voltage,48,16,mV
E35_BMS1_CellVoltage5,0x980550f5,BMS1_Cell_18_Voltage,32,16,mV
E35_BMS1_CellVoltage5,0x980550f5,BMS1_Cell_17_Voltage,16,16,mV
E35_BMS1_CellVoltage5,0x980550f5,BMS1_Cell_16_Voltage,0,16,mV
E34_BMS1_CellVoltage4,0x980450f5,BMS1_Cell_15_Voltage,48,16,mV
E34_BMS1_CellVoltage4,0x980450f5,BMS1_Cell_14_Voltage,32,16,mV
E34_BMS1_CellVoltage4,0x980450f5,BMS1_Cell_13_Voltage,16,16,mV
E34_BMS1_CellVoltage4,0x980450f5,BMS1_Cell_12_Voltage,0,16,mV
E33_BMS1_CellVoltage3,0x980350f5,BMS1_Cell_10_Voltage,32,16,mV
E33_BMS1_CellVoltage3,0x980350f5,BMS1_Cell_9_Voltage,16,16,mV
E33_BMS1_CellVoltage3,0x980350f5,BMS1_Cell_8_Voltage,0,16,mV
E33_BMS1_CellVoltage3,0x980350f5,BMS1_Cell_11_Voltage,48,16,mV
E32_BMS1_CellVoltage2,0x980250f5,BMS1_Cell_7_Voltage,48,16,mV
E32_BMS1_CellVoltage2,0x980250f5,BMS1_Cell_6_Voltage,32,16,mV
E32_BMS1_CellVoltage2,0x980250f5,BMS1_Cell_5_Voltage,16,16,mV
E32_BMS1_CellVoltage2,0x980250f5,BMS1_Cell_4_Voltage,0,16,mV
E31_BMS1_CellVoltage1,0x980150f5,BMS1_Cell_3_Voltage,48,16,mV
E31_BMS1_CellVoltage1,0x980150f5,BMS1_Cell_2_Voltage,32,16,mV
E31_BMS1_CellVoltage1,0x980150f5,BMS1_Cell_1_Voltage,16,16,mV
E31_BMS1_CellVoltage1,0x980150f5,BMS1_Cell_0_Voltage,0,16,mV
E43_Charger_Output,0x98ff50e5,Charger_Status_Temperature,33,1,
E43_Charger_Output,0x98ff50e5,Charger_Status_InputVoltage,34,1,
E43_Charger_Output,0x98ff50e5,Charger_Status_HardwareFailure,32,1,
E43_Charger_Output,0x98ff50e5,Charger_Status_Communication,36,1,
E43_Charger_Output,0x98ff50e5,Charger_Status_BatteryAccess,35,1,
E43_Charger_Output,0x98ff50e5,Charger_Voltage,0,16,V
E43_Charger_Output,0x98ff50e5,Charger_Current,16,16,A
E22_BMS0_ChargerVoltageCurrent,0x9806e5f4,BMS0_OutputControl,32,8,
E22_BMS0_ChargerVoltageCurrent,0x9806e5f4,BMS0_MaxVoltage,0,16,V
E22_BMS0_ChargerVoltageCurrent,0x9806e5f4,BMS0_MaxCurrent,16,16,A
E21_BMS0_DebugInfo,0x980950f4,BMS0_VersionNumber,0,16,
E20_BMS0_Capacity,0x980a50f4,BMS0_CycleCount,48,16,
E20_BMS0_Capacity,0x980a50f4,BMS0_RemainingCapacity,16,16,mAh
E20_BMS0_Capacity,0x980a50f4,BMS0_Heating,40,8,
E20_BMS0_Capacity,0x980a50f4,BMS0_DesignCapacity,0,16,mAh
E20_BMS0_Capacity,0x980a50f4,BMS0_ChargingStatus,32,8,
E18_BMS0_SystemStatus,0x980850f4,BMS0_OCC_ODC_SC,60,1,
E18_BMS0_SystemStatus,0x980850f4,BMS0_MOS_Over_Temp,58,1,
E18_BMS0_SystemStatus,0x980850f4,BMS0_HardException,56,1,
E18_BMS0_SystemStatus,0x980850f4,BMS0_CellVoltage_Difference,59,1,
E18_BMS0_SystemStatus,0x980850f4,BMS0_CellCore_OverUnder_Temp,57,1,
E18_BMS0_SystemStatus,0x980850f4,BMS0_Current,32,16,A
E18_BMS0_SystemStatus,0x980850f4,BMS0_TotalVoltage,0,16,V
E18_BMS0_SystemStatus,0x980850f4,BMS0_SOC,16,16,%
E18_BMS0_SystemStatus,0x980850f4,BMS0_MosRelayStatus,48,8,
E17_BMS0_Temperature,0x980750f4,BMS0_Temperature3,48,16,¡É
E17_BMS0_Temperature,0x980750f4,BMS0_Temperature2,32,16,¡É
E17_BMS0_Temperature,0x980750f4,BMS0_Temperature1,16,16,¡É
E17_BMS0_Temperature,0x980750f4,BMS0_Temperature0,0,16,¡É
E16_BMS0_CellVoltage6,0x980650f4,BMS0_Cell_23_Voltage,48,16,mV
E16_BMS0_CellVoltage6,0x980650f4,BMS0_Cell_22_Voltage,32,16,mV
E16_BMS0_CellVoltage6,0x980650f4,BMS0_Cell_21_Voltage,16,16,mV
E16_BMS0_CellVoltage6,0x980650f4,BMS0_Cell_20_Voltage,0,16,mV
E15_BMS0_CellVoltage5,0x980550f4,BMS0_Cell_19_Voltage,48,16,mV
E15_BMS0_CellVoltage5,0x980550f4,BMS0_Cell_18_Voltage,32,16,mV
E15_BMS0_CellVoltage5,0x980550f4,BMS0_Cell_17_Voltage,16,16,mV
E15_BMS0_CellVoltage5,0x980550f4,BMS0_Cell_16_Voltage,0,16,mV
E14_BMS0_CellVoltage4,0x980450f4,BMS0_Cell_15_Voltage,48,16,mV
E14_BMS0_CellVoltage4,0x980450f4,BMS0_Cell_14_Voltage,32,16,mV
E14_BMS0_CellVoltage4,0x980450f4,BMS0_Cell_13_Voltage,16,16,mV
E14_BMS0_CellVoltage4,0x980450f4,BMS0_Cell_12_Voltage,0,16,mV
E13_BMS0_CellVoltage3,0x980350f4,BMS0_Cell_10_Voltage,32,16,mV
E13_BMS0_CellVoltage3,0x980350f4,BMS0_Cell_9_Voltage,16,16,mV
E13_BMS0_CellVoltage3,0x980350f4,BMS0_Cell_8_Voltage,0,16,mV
E13_BMS0_CellVoltage3,0x980350f4,BMS0_Cell_11_Voltage,48,16,mV
E12_BMS0_CellVoltage2,0x980250f4,BMS0_Cell_7_Voltage,48,16,mV
E12_BMS0_CellVoltage2,0x980250f4,BMS0_Cell_6_Voltage,32,16,mV
E12_BMS0_CellVoltage2,0x980250f4,BMS0_Cell_5_Voltage,16,16,mV
E12_BMS0_CellVoltage2,0x980250f4,BMS0_Cell_4_Voltage,0,16,mV
E11_BMS0_CellVoltage1,0x980150f4,BMS0_Cell_3_Voltage,48,16,mV
E11_BMS0_CellVoltage1,0x980150f4,BMS0_Cell_2_Voltage,32,16,mV
E11_BMS0_CellVoltage1,0x980150f4,BMS0_Cell_1_Voltage,16,16,mV
E11_BMS0_CellVoltage1,0x980150f4,BMS0_Cell_0_Voltage,0,16,mV
E05_IPM_BMS,0x98ff50f0,IPM_BMS_SetChargingCurrent,16,8,
E05_IPM_BMS,0x98ff50f0,IPM_BMS_FullChargeSocSwitch,32,8,
E05_IPM_BMS,0x98ff50f0,IPM_BMS_FullChargeSocSetting,24,8,
E05_IPM_BMS,0x98ff50f0,IPM_BMS_FullChargeSocLimit,40,8,
E05_IPM_BMS,0x98ff50f0,IPM_BMS_ChargingLimitSwitch,8,8,
E05_IPM_BMS,0x98ff50f0,IPM_BMS_ChargingLimitSetting,0,8,
E04_IPM_BCM,0x9cf401db,IPM_MCU_ODOmileage,8,32,km
E04_IPM_BCM,0x9cf401db,IPM_BCM_VersionYear,40,8,
E04_IPM_BCM,0x9cf401db,IPM_BCM_VersionMonth,48,8,
E04_IPM_BCM,0x9cf401db,IPM_BCM_VersionDay,56,8,
E04_IPM_BCM,0x9cf401db,IPM_BCM_AmbientBrightness,0,8,
E03_BCM_IPM,0x980860fb,BCM_IPM_NFCcardCountdown,40,8,
E03_BCM_IPM,0x980860fb,BCM_IPM_BCMVersion,48,16,
E03_BCM_IPM,0x980860fb,BCM_IPM_ChargerAccess,6,1,
E03_BCM_IPM,0x980860fb,BCM_IPM_ACC_Status,11,1,
E03_BCM_IPM,0x980860fb,BCM_IPM_WidnshieldMotor,20,2,
E03_BCM_IPM,0x980860fb,BCM_IPM_TapLock,3,1,
E03_BCM_IPM,0x980860fb,BCM_IPM_SideSupporter,2,1,
E03_BCM_IPM,0x980860fb,BCM_IPM_ShelfMotor,22,2,
E03_BCM_IPM,0x980860fb,BCM_IPM_PedalLock,4,1,
E03_BCM_IPM,0x980860fb,BCM_IPM_NfcCardStatus,24,2,
E03_BCM_IPM,0x980860fb,BCM_IPM_NfcCardModeCountdown,32,8,
E03_BCM_IPM,0x980860fb,BCM_IPM_NfcCardFeedback,28,2,
E03_BCM_IPM,0x980860fb,BCM_IPM_NfcCardDistribution,26,2,
E03_BCM_IPM,0x980860fb,BCM_IPM_Motion,1,1,
E03_BCM_IPM,0x980860fb,BCM_IPM_MechanicalKeyAcc,9,1,
E03_BCM_IPM,0x980860fb,BCM_IPM_InternalAcc,8,1,
E03_BCM_IPM,0x980860fb,BCM_IPM_Inclination,0,1,
E03_BCM_IPM,0x980860fb,BCM_IPM_HeatingSeat,18,2,
E03_BCM_IPM,0x980860fb,BCM_IPM_CombinationAuto,10,1,
E03_BCM_IPM,0x980860fb,BCM_IPM_BucketLock,5,1,
E03_BCM_IPM,0x980860fb,BCM_IPM_HeatingHandle,16,2,
E01_BCM_MCU,0x980850fa,BCM_IPM_ScreenSwitching,32,8,
E01_BCM_MCU,0x980850fa,BCM_IPM_VSTDConnection,44,1,
E01_BCM_MCU,0x980850fa,BCM_IPM_RightSwitchConnection,42,1,
E01_BCM_MCU,0x980850fa,BCM_IPM_RearLamlConnection,41,1,
E01_BCM_MCU,0x980850fa,BCM_IPM_LeftSwitchConnection,43,1,
E01_BCM_MCU,0x980850fa,BCM_IPM_HeadLamlConnection,40,1,
E01_BCM_MCU,0x980850fa,BCM_IPM_LowBrake,23,1,
E01_BCM_MCU,0x980850fa,BCM_IPM_ReverseGear_ReturnCancel,22,1,
E01_BCM_MCU,0x980850fa,BCM_MCU_MotorSelfLearning,48,8,
E01_BCM_MCU,0x980850fa,BCM_MCU_EmergencyExtinguishing,20,1,
E01_BCM_MCU,0x980850fa,BCM_MCU_Downshift,19,1,
E01_BCM_MCU,0x980850fa,BCM_MCU_Cruise,21,1,
E01_BCM_MCU,0x980850fa,BCM_MCU_ThrottleVoltage,0,16,V
E01_BCM_MCU,0x980850fa,BCM_MCU_CutOff_AutoButton,17,1,
E01_BCM_MCU,0x980850fa,BCM_MCU_SingleSupport,18,1,
E01_BCM_MCU,0x980850fa,BCM_MCU_DCDC_Voltage,56,8,V
E01_BCM_MCU,0x980850fa,BCM_MCU_Brake,16,1,
E02_BCM_IPM,0x980850f9,BCM_IPM_LightStatus_Passing,5,1,
E02_BCM_IPM,0x980850f9,BCM_IPM_DelayedPowerDown,7,1,
E02_BCM_IPM,0x980850f9,BCM_IPM_AutoHeadLamp,6,1,
E02_BCM_IPM,0x980850f9,BCM_IPM_WelcomeHome,8,8,
E02_BCM_IPM,0x980850f9,BCM_IPM_LightStatus_Turn_R,1,1,
E02_BCM_IPM,0x980850f9,BCM_IPM_LightStatus_Turn_L,0,1,
E02_BCM_IPM,0x980850f9,BCM_IPM_LightStatus_HighBeam,3,1,
E02_BCM_IPM,0x980850f9,BCM_IPM_LightStatus_HeadNear,2,1,
E02_BCM_IPM,0x980850f9,BCM_IPM_LightStatus_Brake,4,1,
E02_BCM_IPM,0x980850f9,BCM_IPM_LightFailure_Turn_R,17,1,
E02_BCM_IPM,0x980850f9,BCM_IPM_LightFailure_Turn_L,16,1,
E02_BCM_IPM,0x980850f9,BCM_IPM_LightFailure_HighBeam,19,1,
E02_BCM_IPM,0x980850f9,BCM_IPM_LightFailure_HeadNear,18,1,
E02_BCM_IPM,0x980850f9,BCM_IPM_LightFailure_Brake,20,1,
E02_BCM_IPM,0x980850f9,BCM_IPM_LightCurrent_Turn_R,32,8,A
E02_BCM_IPM,0x980850f9,BCM_IPM_LightCurrent_Turn_L,24,8,A
E02_BCM_IPM,0x980850f9,BCM_IPM_LightCurrent_HighBeam,48,8,A
E02_BCM_IPM,0x980850f9,BCM_IPM_LightCurrent_HeadNear,40,8,A
E02_BCM_IPM,0x980850f9,BCM_IPM_LightCurrent_Brake,56,8,A
E08_MCU_IPM,0x90f8107b,MCU_IPM_MCUHWVersion,56,8,
E08_MCU_IPM,0x90f8107b,MCU_IPM_MCUFWVersion,48,8,
E08_MCU_IPM,0x90f8107b,MCU_IPM_TorqueLimit,16,8,%
E08_MCU_IPM,0x90f8107b,MCU_IPM_EnergyRecoverySwitch,32,8,
E08_MCU_IPM,0x90f8107b,MCU_IPM_EnergyRecoveryPercentage,40,8,%
E08_MCU_IPM,0x90f8107b,MCU_IPM_SpeedLimit,0,16,RPM
E08_MCU_IPM,0x90f8107b,MCU_IPM_Gear,24,8,
E07_MCU_IPM,0x90f8108d,MCU_IPM_Ready,56,8,
E07_MCU_IPM,0x90f8108d,MCU_IPM_P_Gear,48,8,
E07_MCU_IPM,0x90f8108d,MCU_IPM_Temperature,32,8,¡É
E07_MCU_IPM,0x90f8108d,MCU_IPM_Current,16,16,A
E07_MCU_IPM,0x90f8108d,MCU_IPM_Voltage,0,16,V
E07_MCU_IPM,0x90f8108d,MCU_IPM_ChargingProtection,40,8,
E06_MCU_IPM,0x90f8109a,MCU_IPM_MotorReverseCurrent,48,16,A
E06_MCU_IPM,0x90f8109a,MCU_IPM_GearSpeed,40,8,
E06_MCU_IPM,0x90f8109a,MCU_IPM_FailureCode,24,8,
E06_MCU_IPM,0x90f8109a,MCU_IPM_ControllerTemperature,32,8,¡É
E06_MCU_IPM,0x90f8109a,MCU_IPM_MotorRPM,8,16,RPM
E06_MCU_IPM,0x90f8109a,MCU_IPM_SpeedMode,3,1,
E06_MCU_IPM,0x90f8109a,MCU_IPM_StandingSlope,5,1,
E06_MCU_IPM,0x90f8109a,MCU_IPM_Cruse,4,1,
E06_MCU_IPM,0x90f8109a,MCU_IPM_Brake,2,1,
E06_MCU_IPM,0x90f8109a,MCU_IPM_Direction,0,2,
E52_SBC_Status1,0x591,SBC_BMS_AliveCounter,8,8,
E52_SBC_Status1,0x591,SBC_BMS_OnOffAck,0,8,
E51_BMS_SBC_Control,0x590,BMS_SBC_SbcOn,0,1,
BMS0_devDebugEnable,0x305,bms0_devDebugSox_Flag,24,8,
BMS0_devDebugEnable,0x305,bms0_devDebugTemp_Flag,16,8,
BMS0_devDebugEnable,0x305,bms0_devDebugCurrent_Flag,8,8,
BMS0_devDebugEnable,0x305,bms0_devDebugCellVolt_Flag,0,8,
BMS1_msrPackStd,0x368,bms1_msrCurrentPackStd,0,16,A
BMS0_msrPackStd,0x358,bms0_msrCurrentPackStd,0,16,A
BMS0_estSOHR,0x357,bms0_estSOHRMinNo,56,8,
BMS0_estSOHR,0x357,bms0_estSOHRMin,32,16,%
BMS0_estSOHR,0x357,bms0_estSOHRMaxNo,48,8,
BMS0_estSOHR,0x357,bms0_estSOHRMax,16,16,%
BMS0_estSOHR,0x357,bms0_estSOHRAvg,0,16,%
BMS0_estSOHE,0x356,bms0_estSOHEMinNo,32,8,
BMS0_estSOHE,0x356,bms0_estSOHEMin,16,8,%
BMS0_estSOHE,0x356,bms0_estSOHEMaxNo,24,8,
BMS0_estSOHE,0x356,bms0_estSOHEMax,8,8,%
BMS0_estSOHE,0x356,bms0_estSOHEAvg,0,8,%
BMS1_stsDVFD2,0x365,bms1_stsDVFDCntCell14,48,8,
BMS1_stsDVFD2,0x365,bms1_stsDVFDCntCell13,40,8,
BMS1_stsDVFD2,0x365,bms1_stsDVFDCntCell12,32,8,
BMS1_stsDVFD2,0x365,bms1_stsDVFDCntCell11,24,8,
BMS1_stsDVFD2,0x365,bms1_stsDVFDCntCell10,16,8,
BMS1_stsDVFD2,0x365,bms1_stsDVFDCntCell9,8,8,
BMS1_stsDVFD2,0x365,bms1_stsDVFDCntCell8,0,8,
BMS1_stsDVFD1,0x364,bms1_stsDVFDCntCell7,48,8,
BMS1_stsDVFD1,0x364,bms1_stsDVFDCntCell6,40,8,
BMS1_stsDVFD1,0x364,bms1_stsDVFDCntCell5,32,8,
BMS1_stsDVFD1,0x364,bms1_stsDVFDCntCell4,24,8,
BMS1_stsDVFD1,0x364,bms1_stsDVFDCntCell3,16,8,
BMS1_stsDVFD1,0x364,bms1_stsDVFDCntCell2,8,8,
BMS1_stsDVFD1,0x364,bms1_stsDVFDCntCell1,0,8,
BMS0_stsDVFD2,0x355,bms0_stsDVFDCntCell14,48,8,
BMS0_stsDVFD2,0x355,bms0_stsDVFDCntCell13,40,8,
BMS0_stsDVFD2,0x355,bms0_stsDVFDCntCell12,32,8,
BMS0_stsDVFD2,0x355,bms0_stsDVFDCntCell11,24,8,
BMS0_stsDVFD2,0x355,bms0_stsDVFDCntCell10,16,8,
BMS0_stsDVFD2,0x355,bms0_stsDVFDCntCell9,8,8,
BMS0_stsDVFD2,0x355,bms0_stsDVFDCntCell8,0,8,
BMS0_stsDVFD1,0x354,bms0_stsDVFDCntCell7,48,8,
BMS0_stsDVFD1,0x354,bms0_stsDVFDCntCell6,40,8,
BMS0_stsDVFD1,0x354,bms0_stsDVFDCntCell5,32,8,
BMS0_stsDVFD1,0x354,bms0_stsDVFDCntCell4,24,8,
BMS0_stsDVFD1,0x354,bms0_stsDVFDCntCell3,16,8,
BMS0_stsDVFD1,0x354,bms0_stsDVFDCntCell2,8,8,
BMS0_stsDVFD1,0x354,bms0_stsDVFDCntCell1,0,8,
BMS1_estAccumEnergy,0x361,bms1_estAccumEnergyDisc,32,32,kWh
BMS1_estAccumEnergy,0x361,bms1_estAccumEnergyChg,0,32,kWh
BMS1_estAccumCapacity,0x360,bms1_estAccumCapacityDisc,32,32,kAh
BMS1_estAccumCapacity,0x360,bms1_estAccumCapacityChg,0,32,kAh
BMS0_estAccumEnergy,0x351,bms0_estAccumEnergyDisc,32,32,kWh
BMS0_estAccumEnergy,0x351,bms0_estAccumEnergyChg,0,32,kWh
BMS0_estAccumCapacity,0x350,bms0_estAccumCapacityDisc,32,32,kAh
BMS0_estAccumCapacity,0x350,bms0_estAccumCapacityChg,0,32,kAh
BMS1_msrTempAdvanced,0x34f,bms1_msrTempCell3Advanced,32,16,¡É
BMS1_msrTempAdvanced,0x34f,bms1_msrTempCell2Advanced,16,16,¡É
BMS1_msrTempAdvanced,0x34f,bms1_msrTempCell1Advanced,0,16,¡É
BMS0_msrTempAdvanced,0x33f,bms0_msrTempCell3Advanced,32,16,¡É
BMS0_msrTempAdvanced,0x33f,bms0_msrTempCell2Advanced,16,16,¡É
BMS0_msrTempAdvanced,0x33f,bms0_msrTempCell1Advanced,0,16,¡É
BMS1_estSOCAdvanced,0x34e,bms1_estSOHAdvanced,16,16,%
BMS1_estSOCAdvanced,0x34e,bms1_estRSOCAdvanced,0,16,%
BMS0_estSOCAdvanced,0x33e,bms0_estSOHAdvanced,16,16,%
BMS0_estSOCAdvanced,0x33e,bms0_estRSOCAdvanced,0,16,%
VCU_ODO_SYM,0x126,VCU_VehSpd,0,12,km/h
VCU_ODO_SYM,0x126,VCU_TripDrvCyc,12,12,km
VCU_ODO_SYM,0x126,VCU_Trip2Empty,40,12,
VCU_ODO_SYM,0x126,VCU_Checksum_VCU126,56,8,
VCU_ODO_SYM,0x126,VCU_Alive_Counter_VCU126,52,4,
VCU_Status_SYM,0x123,VCU_Checksum_VCU123,56,8,
VCU_Status_SYM,0x123,VCU_Alive_Counter_VCU123,52,4,
VCU_Status_SYM,0x123,VCU_StateSYS,0,8,
VCU_Status_SYM,0x123,VCU_FaultSYS,16,8,
VCU_ControlBMS_SYM,0x120,VCU_wakeupBMS1,9,1,
VCU_ControlBMS_SYM,0x120,VCU_wakeupBMS0,1,1,
VCU_ControlBMS_SYM,0x120,VCU_ReqProtocolVer,16,4,
VCU_ControlBMS_SYM,0x120,VCU_ReqID,24,2,
VCU_ControlBMS_SYM,0x120,VCU_CommrequiredBMS1,8,1,
VCU_ControlBMS_SYM,0x120,VCU_CommrequiredBMS0,0,1,
VCU_ControlBMS_SYM,0x120,VCU_Checksum_VCU120,56,8,
VCU_ControlBMS_SYM,0x120,VCU_ChargerConnected,32,1,
VCU_ControlBMS_SYM,0x120,VCU_BattPackONBMS1,11,1,
VCU_ControlBMS_SYM,0x120,VCU_BattPackONBMS0,3,1,
VCU_ControlBMS_SYM,0x120,VCU_BattChargeONBMS1,12,1,
VCU_ControlBMS_SYM,0x120,VCU_BattChargeONBMS0,4,1,
VCU_ControlBMS_SYM,0x120,VCU_Alive_Counter_VCU120,52,4,
VCU_Mon_IO,0x7a0,Mon_KeyOnSw,0,1,
VCU_Mon_IO,0x7a0,Mon_MCU_SUPPLY,32,1,
VCU_Mon_IO,0x7a0,Mon_APP_SEN_SUPPLY,33,1,
VCU_Mon_IO,0x7a0,Mon_ISO_CAN_BMS0_SUPPLY,34,1,
VCU_Mon_IO,0x7a0,Mon_ChargeStsSw,8,1,
VCU_Mon_IO,0x7a0,Mon_AppSw,11,1,
VCU_Mon_IO,0x7a0,Mon_PassingSw,18,1,
VCU_Mon_IO,0x7a0,Mon_RegenSw,17,1,
VCU_Mon_IO,0x7a0,Mon_L_TurnSigSw,2,1,
VCU_Mon_IO,0x7a0,Mon_R_TurnSigSw,3,1,
VCU_Mon_IO,0x7a0,Mon_DCDC_RELAY,36,1,
VCU_Mon_IO,0x7a0,Mon_LowBeamSw,4,1,
VCU_Mon_IO,0x7a0,Mon_SeatOpenSw,16,1,
VCU_Mon_IO,0x7a0,Mon_StartSw,1,1,
VCU_Mon_IO,0x7a0,Mon_EmergencySw,9,1,
VCU_Mon_IO,0x7a0,Mon_ReverseSw,19,1,
VCU_Mon_IO,0x7a0,Mon_HignBeamSw,5,1,
VCU_Mon_IO,0x7a0,Mon_BoostSw,13,1,
VCU_Mon_IO,0x7a0,Mon_L_BatSw,6,1,
VCU_Mon_IO,0x7a0,Mon_SeatOpenStsSw,12,1,
VCU_Mon_IO,0x7a0,Mon_TripSw,10,1,
VCU_Mon_IO,0x7a0,Mon_BatCoverOpenStsSw,15,1,
VCU_Mon_IO,0x7a0,Mon_BrakeSw,14,1,
VCU_Mon_IO,0x7a0,Mon_R_BatSw,7,1,
VCU_Mon_IO,0x7a0,Mon_ISO_CAN_BMS1_SUPPLY,35,1,
VCU_Mon_IO,0x7a0,Mon_SideStandSw,20,1,
VCU_Mon_IO,0x7a0,Mon_HandleLock_Sol_N,40,1,
VCU_Mon_IO,0x7a0,Mon_HandleLock_Sol_P,41,1,
VCU_Mon_IO,0x7a0,Mon_Speaker_P,43,1,
VCU_Mon_IO,0x7a0,Mon_Speaker_N,42,1,
VCU_Mon_IO,0x7a0,Mon_HighBeamLamp,46,1,
VCU_Mon_IO,0x7a0,Mon_LowBeamLamp,45,1,
VCU_Mon_IO,0x7a0,Mon_L_TurnSigLamp,51,1,
VCU_Mon_IO,0x7a0,Mon_ReverseLamp,48,1,
VCU_Mon_IO,0x7a0,Mon_R_TurnSigLamp,52,1,
VCU_Mon_IO,0x7a0,Mon_TailLamp,44,1,
VCU_Mon_IO,0x7a0,Mon_WarningLamp2,50,1,
VCU_Mon_IO,0x7a0,Mon_WarningLamp1,49,1,
VCU_Mon_IO,0x7a0,Mon_CAN_LDO_EN,24,1,
VCU_Mon_IO,0x7a0,Mon_Boost_Mod,56,8,
BMS1_ctrlCharger,0x32c,bms1_ctrlChargerTimeToFull,32,16,min
BMS1_ctrlCharger,0x32c,bms1_ctrlChargerLimitVoltage,16,16,V
BMS1_ctrlCharger,0x32c,bms1_ctrlChargerLimitCurrent,0,16,A
BMS1_estSOC,0x324,bms1_estCycleCnt,0,16,
BMS1_estSOC,0x324,bms1_estRSOC,16,8,%
BMS1_estSOC,0x324,bms1_estSOH,24,8,%
BMS1_estSOC,0x324,bms1_stsAliveCnt_estSOC,52,4,
BMS1_estSOC,0x324,bms1_stsChecksum_estSOC,56,8,
BMS1_msrPack,0x321,bms1_msrCurrentPack,0,16,A
BMS1_msrPack,0x321,bms1_msrVoltagePack,16,16,V
BMS1_msrPack,0x321,bms1_stsAliveCnt_msrPack,52,4,
BMS1_msrPack,0x321,bms1_stsChecksum_msrPack,56,8,
BMS1_msrPack,0x321,bms1_msrVoltagePackTerminal,32,16,V
BMS1_stsBMS,0x320,bms1_stsAbnormalChargerCtrl,48,1,
BMS1_stsBMS,0x320,bms1_stsBmsMode,0,4,
BMS1_stsBMS,0x320,bms1_stsBmsState,4,4,
BMS1_stsBMS,0x320,bms1_stsCurrentDirection,14,2,
BMS1_stsBMS,0x320,bms1_stsDiagInfo,16,8,
BMS1_stsBMS,0x320,bms1_stsFullyCharged,26,2,
BMS1_stsBMS,0x320,bms1_stsIgnitionRecog,24,2,
BMS1_stsBMS,0x320,bms1_stsPrechargeFET,8,2,
BMS1_stsBMS,0x320,bms1_stsPwrCFET,10,2,
BMS1_stsBMS,0x320,bms1_stsPwrDFET,12,2,
BMS1_stsBMS,0x320,bms1_stsAliveCnt_stsBMS,52,4,
BMS1_stsBMS,0x320,bms1_stsChecksum_stsBMS,56,8,
BMS1_stsBMS,0x320,bms1_DiagMsg_Charger_Control,28,2,
BMS1_stsBMS,0x320,bms1_DiagMsg_Charger_Diag,30,2,
BMS1_stsBMS,0x320,bms1_DiagMsg_Charger_Status,32,2,
BMS1_stsBMS,0x320,bms1_DiagMsg_VCU_Control,34,2,
BMS1_stsBMS,0x320,bms1_DiagMsg_VCU_ODO,36,2,
BMS1_stsBMS,0x320,bms1_DiagMsg_VCU_Status,38,2,
BMS1_stsBMS,0x320,bms1_stsToogleMesaure,50,1,-
BMS1_stsBMS,0x320,bms1_stsToogleRunning,51,1,-
BMS1_stsBMS,0x320,bms1_stsLowSoheAlarm,49,1,
BMS1_devMPAD2,0x34d,bms1_devMPADCnt_Cell14,40,8,
BMS1_devMPAD2,0x34d,bms1_devMPADCnt_Cell13,32,8,
BMS1_devMPAD2,0x34d,bms1_devRSOC_Internal,48,8,%
BMS1_devMPAD2,0x34d,bms1_devMPADCnt_Cell9,0,8,
BMS1_devMPAD2,0x34d,bms1_devMPADCnt_Cell12,24,8,
BMS1_devMPAD2,0x34d,bms1_devMPADCnt_Cell11,16,8,
BMS1_devMPAD2,0x34d,bms1_devMPADCnt_Cell10,8,8,
BMS1_devMPAD1,0x34c,bms1_devMPADCnt_Cell8,56,8,
BMS1_devMPAD1,0x34c,bms1_devMPADCnt_Cell7,48,8,
BMS1_devMPAD1,0x34c,bms1_devMPADCnt_Cell6,40,8,
BMS1_devMPAD1,0x34c,bms1_devMPADCnt_Cell5,32,8,
BMS1_devMPAD1,0x34c,bms1_devMPADCnt_Cell4,24,8,
BMS1_devMPAD1,0x34c,bms1_devMPADCnt_Cell3,16,8,
BMS1_devMPAD1,0x34c,bms1_devMPADCnt_Cell2,8,8,
BMS1_devMPAD1,0x34c,bms1_devMPADCnt_Cell1,0,8,
BMS0_devMPAD2,0x33d,bms0_devRSOC_Internal,48,8,%
BMS0_devMPAD2,0x33d,bms0_devMPADCnt_Cell9,0,8,
BMS0_devMPAD2,0x33d,bms0_devMPADCnt_Cell14,40,8,
BMS0_devMPAD2,0x33d,bms0_devMPADCnt_Cell13,32,8,
BMS0_devMPAD2,0x33d,bms0_devMPADCnt_Cell12,24,8,
BMS0_devMPAD2,0x33d,bms0_devMPADCnt_Cell11,16,8,
BMS0_devMPAD2,0x33d,bms0_devMPADCnt_Cell10,8,8,
BMS0_devMPAD1,0x33c,bms0_devMPADCnt_Cell8,56,8,
BMS0_devMPAD1,0x33c,bms0_devMPADCnt_Cell7,48,8,
BMS0_devMPAD1,0x33c,bms0_devMPADCnt_Cell6,40,8,
BMS0_devMPAD1,0x33c,bms0_devMPADCnt_Cell5,32,8,
BMS0_devMPAD1,0x33c,bms0_devMPADCnt_Cell4,24,8,
BMS0_devMPAD1,0x33c,bms0_devMPADCnt_Cell3,16,8,
BMS0_devMPAD1,0x33c,bms0_devMPADCnt_Cell2,8,8,
BMS0_devMPAD1,0x33c,bms0_devMPADCnt_Cell1,0,8,
BMS0_MPAD2,0x307,bms0_MPAD_EndUpdateRollCnt,0,32,
BMS0_MPAD2,0x307,bms0_MPAD_EndAbDetAndBitFlag,32,32,
BMS0_MPAD1,0x306,bms0_MPAD_StartUpdateRollCnt,0,32,
BMS0_MPAD1,0x306,bms0_MPAD_StartAbDetAndBitFlag,32,32,
VCU_TestFaultInjection_ASIC,0x30b,vfVCU_Faultinjection_ASIC_XREADY,8,2,
VCU_TestFaultInjection_ASIC,0x30b,vfVCU_Faultinjection_ASIC_SCP,6,2,
VCU_TestFaultInjection_ASIC,0x30b,vfVCU_Faultinjection_ASIC_OVRD,10,2,
VCU_TestFaultInjection_ASIC,0x30b,vfVCU_Faultinjection_ASIC_ODCP,4,2,
VCU_TestFaultInjection_Cell,0x308,vfVCU_Faultinjection_UDTP,14,2,
VCU_TestFaultInjection_Cell,0x308,vfVCU_Faultinjection_UCTP,10,2,
VCU_TestFaultInjection_Cell,0x308,vfVCU_Faultinjection_TIM,20,2,
VCU_TestFaultInjection_Cell,0x308,vfVCU_Faultinjection_SOC_IM,22,2,
VCU_TestFaultInjection_Cell,0x308,vfVCU_Faultinjection_Rest_CIM,18,2,
VCU_TestFaultInjection_Cell,0x308,vfVCU_Faultinjection_OCCP,4,2,
VCU_TestFaultInjection_Cell,0x308,vfVCU_Faultinjection_CHG_CIM,16,2,
VCU_TestFaultInjection_Cell,0x308,vfVCU_Faultinjection_ODCP,6,2,
VCU_TestFaultInjection_Cell,0x308,vfVCU_Faultinjection_OCTP,8,2,
VCU_TestFaultInjection_Cell,0x308,vfVCU_Faultinjection_UVP,2,2,
VCU_TestFaultInjection_Cell,0x308,vfVCU_Faultinjection_ODTP,12,2,
VCU_TestFaultInjection_Cell,0x308,vfVCU_Faultinjection_OVP,0,2,
VCU_TestFaultInjection_Pack,0x309,vfVCU_Faultinjection_FuseOC,2,2,
VCU_TestFaultInjection_Pack,0x309,vfVCU_Faultinjection_Fuseblow,0,2,
VCU_TestFaultInjection_Pack,0x309,vfVCU_Faultinjection_CDFET_OT,4,2,
VCU_TestFaultInjection_BMS,0x30a,vfVCU_Faultinjection_PreFetOT,4,2,
VCU_TestFaultInjection_BMS,0x30a,vfVCU_Faultinjection_SHORT_IC,10,2,
VCU_TestFaultInjection_BMS,0x30a,vfVCU_Faultinjection_PreChgTO,12,2,
VCU_TestFaultInjection_BMS,0x30a,vfVCU_Faultinjection_DFetFault,2,2,
VCU_TestFaultInjection_BMS,0x30a,vfVCU_Faultinjection_CFetFault,0,2,
VCU_TestFaultInjection_BMS,0x30a,vfVCU_Faultinjection_ASIC_ShutD,8,2,
VCU_TestFaultInjection_BMS,0x30a,vfVCU_Faultinjection_ASIC_LC,6,2,
BMS1_stsFaultEntry2,0x32f,bms1_stsChecksum_FaultEntry2,56,8,
BMS1_stsFaultEntry2,0x32f,bms1_stsAliveCnt_FaultEntry2,52,4,
BMS1_stsFaultEntry2,0x32f,bms1_stsDiagFaultEntry8,8,8,
BMS1_stsFaultEntry2,0x32f,bms1_stsDiagFaultEntry7,0,8,
BMS1_stsFaultEntry1,0x32e,bms1_stsChecksum_FaultEntry1,56,8,
BMS1_stsFaultEntry1,0x32e,bms1_stsAliveCnt_FaultEntry1,52,4,
BMS1_stsFaultEntry1,0x32e,bms1_stsDiagFaultEntry6,40,8,
BMS1_stsFaultEntry1,0x32e,bms1_stsDiagFaultEntry5,32,8,
BMS1_stsFaultEntry1,0x32e,bms1_stsDiagFaultEntry4,24,8,
BMS1_stsFaultEntry1,0x32e,bms1_stsDiagFaultEntry3,16,8,
BMS1_stsFaultEntry1,0x32e,bms1_stsDiagFaultEntry2,8,8,
BMS1_stsFaultEntry1,0x32e,bms1_stsDiagFaultEntry1,0,8,
BMS0_stsFaultEntry2,0x31f,bms0_stsChecksum_FaultEntry2,56,8,
BMS0_stsFaultEntry2,0x31f,bms0_stsAliveCnt_FaultEntry2,52,4,
BMS0_stsFaultEntry2,0x31f,bms0_stsDiagFaultEntry8,8,8,
BMS0_stsFaultEntry2,0x31f,bms0_stsDiagFaultEntry7,0,8,
BMS0_stsFaultEntry1,0x31e,bms0_stsChecksum_FaultEntry1,56,8,
BMS0_stsFaultEntry1,0x31e,bms0_stsAliveCnt_FaultEntry1,52,4,
BMS0_stsFaultEntry1,0x31e,bms0_stsDiagFaultEntry6,40,8,
BMS0_stsFaultEntry1,0x31e,bms0_stsDiagFaultEntry5,32,8,
BMS0_stsFaultEntry1,0x31e,bms0_stsDiagFaultEntry4,24,8,
BMS0_stsFaultEntry1,0x31e,bms0_stsDiagFaultEntry3,16,8,
BMS0_stsFaultEntry1,0x31e,bms0_stsDiagFaultEntry2,8,8,
BMS0_stsFaultEntry1,0x31e,bms0_stsDiagFaultEntry1,0,8,
VCU_TestMessageDiag,0x30c,vfVCU_TestCmdChecksumOnOff_32F,63,1,-
VCU_TestMessageDiag,0x30c,vfVCU_TestCmdChecksumOnOff_32E,62,1,-
VCU_TestMessageDiag,0x30c,vfVCU_TestCmdChecksumOnOff_32A,61,1,-
VCU_TestMessageDiag,0x30c,vfVCU_TestCmdChecksumOnOff_329,60,1,-
VCU_TestMessageDiag,0x30c,vfVCU_TestCmdChecksumOnOff_328,59,1,-
VCU_TestMessageDiag,0x30c,vfVCU_TestCmdChecksumOnOff_326,58,1,-
VCU_TestMessageDiag,0x30c,vfVCU_TestCmdChecksumOnOff_324,57,1,-
VCU_TestMessageDiag,0x30c,vfVCU_TestCmdChecksumOnOff_323,56,1,-
VCU_TestMessageDiag,0x30c,vfVCU_TestCmdChecksumOnOff_322,55,1,-
VCU_TestMessageDiag,0x30c,vfVCU_TestCmdChecksumOnOff_321,54,1,-
VCU_TestMessageDiag,0x30c,vfVCU_TestCmdChecksumOnOff_320,53,1,-
VCU_TestMessageDiag,0x30c,vfVCU_TestCmdChecksumOnOff_31F,52,1,-
VCU_TestMessageDiag,0x30c,vfVCU_TestCmdChecksumOnOff_31E,51,1,-
VCU_TestMessageDiag,0x30c,vfVCU_TestCmdChecksumOnOff_31A,50,1,-
VCU_TestMessageDiag,0x30c,vfVCU_TestCmdChecksumOnOff_319,49,1,-
VCU_TestMessageDiag,0x30c,vfVCU_TestCmdChecksumOnOff_318,48,1,-
VCU_TestMessageDiag,0x30c,vfVCU_TestCmdChecksumOnOff_316,47,1,-
VCU_TestMessageDiag,0x30c,vfVCU_TestCmdChecksumOnOff_314,46,1,-
VCU_TestMessageDiag,0x30c,vfVCU_TestCmdChecksumOnOff_313,45,1,-
VCU_TestMessageDiag,0x30c,vfVCU_TestCmdChecksumOnOff_312,44,1,-
VCU_TestMessageDiag,0x30c,vfVCU_TestCmdChecksumOnOff_311,43,1,-
VCU_TestMessageDiag,0x30c,vfVCU_TestCmdChecksumOnOff_310,42,1,-
VCU_TestMessageDiag,0x30c,vfVCU_TestCmdAliveCntOnOff_32F,39,1,-
VCU_TestMessageDiag,0x30c,vfVCU_TestCmdAliveCntOnOff_32E,38,1,-
VCU_TestMessageDiag,0x30c,vfVCU_TestCmdAliveCntOnOff_32A,37,1,-
VCU_TestMessageDiag,0x30c,vfVCU_TestCmdAliveCntOnOff_329,36,1,-
VCU_TestMessageDiag,0x30c,vfVCU_TestCmdAliveCntOnOff_328,35,1,-
VCU_TestMessageDiag,0x30c,vfVCU_TestCmdAliveCntOnOff_326,34,1,-
VCU_TestMessageDiag,0x30c,vfVCU_TestCmdAliveCntOnOff_324,33,1,-
VCU_TestMessageDiag,0x30c,vfVCU_TestCmdAliveCntOnOff_323,32,1,-
VCU_TestMessageDiag,0x30c,vfVCU_TestCmdAliveCntOnOff_322,31,1,-
VCU_TestMessageDiag,0x30c,vfVCU_TestCmdAliveCntOnOff_321,30,1,-
VCU_TestMessageDiag,0x30c,vfVCU_TestCmdAliveCntOnOff_320,29,1,-
VCU_TestMessageDiag,0x30c,vfVCU_TestCmdAliveCntOnOff_31F,28,1,-
VCU_TestMessageDiag,0x30c,vfVCU_TestCmdAliveCntOnOff_31E,27,1,-
VCU_TestMessageDiag,0x30c,vfVCU_TestCmdAliveCntOnOff_31A,26,1,-
VCU_TestMessageDiag,0x30c,vfVCU_TestCmdAliveCntOnOff_319,25,1,-
VCU_TestMessageDiag,0x30c,vfVCU_TestCmdAliveCntOnOff_318,24,1,-
VCU_TestMessageDiag,0x30c,vfVCU_TestCmdAliveCntOnOff_316,23,1,-
VCU_TestMessageDiag,0x30c,vfVCU_TestCmdAliveCntOnOff_314,22,1,-
VCU_TestMessageDiag,0x30c,vfVCU_TestCmdAliveCntOnOff_313,21,1,-
VCU_TestMessageDiag,0x30c,vfVCU_TestCmdAliveCntOnOff_312,20,1,-
VCU_TestMessageDiag,0x30c,vfVCU_TestCmdAliveCntOnOff_311,19,1,-
VCU_TestMessageDiag,0x30c,vfVCU_TestCmdAliveCntOnOff_310,18,1,-
BMS1_estSOPCharge10s,0x329,bms1_stsChecksum_estSOPC10s,56,8,
BMS1_estSOPCharge10s,0x329,bms1_stsAliveCnt_estSOPC10s,52,4,
BMS1_estSOPCharge10s,0x329,bms1_estMaxChgPwr10s,16,16,W
BMS1_estSOPCharge10s,0x329,bms1_estMaxChgCurrent10s,0,16,A
BMS1_estSOPDischarge10s,0x32a,bms1_stsChecksum_estSOPD10s,56,8,
BMS1_estSOPDischarge10s,0x32a,bms1_stsAliveCnt_estSOPD10s,52,4,
BMS1_estSOPDischarge10s,0x32a,bms1_estMaxDsgPwr10s,16,16,W
BMS1_estSOPDischarge10s,0x32a,bms1_estMaxDsgCurrent10s,0,16,A
BMS0_estSOPCharge10s,0x319,bms0_stsChecksum_estSOPC10s,56,8,
BMS0_estSOPCharge10s,0x319,bms0_stsAliveCnt_estSOPC10s,52,4,
BMS0_estSOPCharge10s,0x319,bms0_estMaxChgPwr10s,16,16,W
BMS0_estSOPCharge10s,0x319,bms0_estMaxChgCurrent10s,0,16,A
BMS0_estSOPDischarge10s,0x31a,bms0_stsChecksum_estSOPD10s,56,8,
BMS0_estSOPDischarge10s,0x31a,bms0_stsAliveCnt_estSOPD10s,52,4,
BMS0_estSOPDischarge10s,0x31a,bms0_estMaxDsgPwr10s,16,16,W
BMS0_estSOPDischarge10s,0x31a,bms0_estMaxDsgCurrent10s,0,16,A
BMS1_estSOPCharge5s,0x326,bms1_stsChecksum_estSOPC5s,56,8,
BMS1_estSOPCharge5s,0x326,bms1_stsAliveCnt_estSOPC5s,52,4,
BMS1_estSOPCharge5s,0x326,bms1_estMaxChgPwr5s,16,16,W
BMS1_estSOPCharge5s,0x326,bms1_estMaxChgCurrent5s,0,16,A
BMS1_estSOPDischarge5s,0x328,bms1_stsChecksum_estSOPD5s,56,8,
BMS1_estSOPDischarge5s,0x328,bms1_stsAliveCnt_estSOPD5s,52,4,
BMS1_estSOPDischarge5s,0x328,bms1_estMaxDsgPwr5s,16,16,W
BMS1_estSOPDischarge5s,0x328,bms1_estMaxDsgCurrent5s,0,16,A
BMS0_estSOPCharge5s,0x316,bms0_stsChecksum_estSOPC5s,56,8,
BMS0_estSOPCharge5s,0x316,bms0_stsAliveCnt_estSOPC5s,52,4,
BMS0_estSOPCharge5s,0x316,bms0_estMaxChgPwr5s,16,16,W
BMS0_estSOPCharge5s,0x316,bms0_estMaxChgCurrent5s,0,16,A
BMS0_estSOPDischarge5s,0x318,bms0_stsChecksum_estSOPD5s,56,8,
BMS0_estSOPDischarge5s,0x318,bms0_stsAliveCnt_estSOPD5s,52,4,
BMS0_estSOPDischarge5s,0x318,bms0_estMaxDsgPwr5s,16,16,W
BMS0_estSOPDischarge5s,0x318,bms0_estMaxDsgCurrent5s,0,16,A
BMS1_verPackVersion,0x32d,bms1_verSoftwareSubminor,20,12,
BMS1_verPackVersion,0x32d,bms1_verSoftwareMinor,17,3,
BMS1_verPackVersion,0x32d,bms1_verSoftwareMajor,16,1,
BMS1_verPackVersion,0x32d,bms1_verHardwarePCB,8,4,
BMS1_verPackVersion,0x32d,bms1_verHardwareSch,12,4,
BMS1_verPackVersion,0x32d,bms1_verBootloaderMajor,0,8,
BMS1_verPackVersion,0x32d,bms1_verMfgSerialNo,48,16,
BMS1_verPackVersion,0x32d,bms1_verMfgDate,32,16,
BMS1_stsAccumMileage,0x32b,bms1_stsAccumMileage,0,32,km
BMS1_msrVoltageCell,0x325,bms1_msrVoltageCellMinNo,40,8,Bank
BMS1_msrVoltageCell,0x325,bms1_msrVoltageCellMin,48,16,V
BMS1_msrVoltageCell,0x325,bms1_msrVoltageCellMaxNo,32,8,Bank
BMS1_msrVoltageCell,0x325,bms1_msrVoltageCellMax,16,16,V
BMS1_msrVoltageCell,0x325,bms1_msrVoltageCellAvg,0,16,V
BMS1_msrTemp,0x327,bms1_msrTempPreChgFet,56,8,¡É
BMS1_msrTemp,0x327,bms1_msrTempFET2,48,8,¡É
BMS1_msrTemp,0x327,bms1_msrTempFET1,40,8,¡É
BMS1_msrTemp,0x327,bms1_msrTempCellMinNo,32,8,Th
BMS1_msrTemp,0x327,bms1_msrTempCellMin,24,8,¡É
BMS1_msrTemp,0x327,bms1_msrTempCellMaxNo,16,8,Th
BMS1_msrTemp,0x327,bms1_msrTempCellMax,8,8,¡É
BMS1_msrTemp,0x327,bms1_msrTempCellAvg,0,8,¡É
BMS1_estSOPDischarge2s,0x322,bms1_stsChecksum_estSOPD2s,56,8,
BMS1_estSOPDischarge2s,0x322,bms1_stsAliveCnt_estSOPD2s,52,4,
BMS1_estSOPDischarge2s,0x322,bms1_estMaxDsgPwr2s,16,16,W
BMS1_estSOPDischarge2s,0x322,bms1_estMaxDsgCurrent2s,0,16,A
BMS1_estSOPCharge2s,0x323,bms1_stsChecksum_estSOPC2s,56,8,
BMS1_estSOPCharge2s,0x323,bms1_stsAliveCnt_estSOPC2s,52,4,
BMS1_estSOPCharge2s,0x323,bms1_estMaxChgPwr2s,16,16,W
BMS1_estSOPCharge2s,0x323,bms1_estMaxChgCurrent2s,0,16,A
BMS1_devStsCB,0x340,bms1_devStsCB14,26,2,
BMS1_devStsCB,0x340,bms1_devStsCB13,24,2,
BMS1_devStsCB,0x340,bms1_devStsCB12,22,2,
BMS1_devStsCB,0x340,bms1_devStsCB11,20,2,
BMS1_devStsCB,0x340,bms1_devStsCB10,18,2,
BMS1_devStsCB,0x340,bms1_devStsCB09,16,2,
BMS1_devStsCB,0x340,bms1_devStsCB08,14,2,
BMS1_devStsCB,0x340,bms1_devStsCB07,12,2,
BMS1_devStsCB,0x340,bms1_devStsCB06,10,2,
BMS1_devStsCB,0x340,bms1_devStsCB05,8,2,
BMS1_devStsCB,0x340,bms1_devStsCB04,6,2,
BMS1_devStsCB,0x340,bms1_devStsCB03,4,2,
BMS1_devStsCB,0x340,bms1_devStsCB02,2,2,
BMS1_devStsCB,0x340,bms1_devStsCB01,0,2,
BMS1_devMsrTemp,0x346,bms1_devCbOnCnt,24,8,
BMS1_devMsrTemp,0x346,bms1_devTopCellOffset,16,8,mV
BMS1_devMsrTemp,0x346,bms1_devVoltageCellDiff,8,8,mV
BMS1_devMsrTemp,0x346,bms1_devMsrTempCB1,0,8,¡É
BMS1_devFaultCntPack,0x345,bms1_devDiagCntRam,40,8,
BMS1_devFaultCntPack,0x345,bms1_devDiagCntMCU,32,8,
BMS1_devFaultCntPack,0x345,bms1_devResetCntByVCU,48,16,
BMS1_devFaultCntPack,0x345,bms1_devDiagCntPackFuseR,8,8,
BMS1_devFaultCntPack,0x345,bms1_devDiagCntPackFuseOC,16,8,
BMS1_devFaultCntPack,0x345,bms1_devDiagCntPackFuseBlow,0,8,
BMS1_devFaultCntPack,0x345,bms1_devDiagCntPackFETTemp,24,8,
BMS1_devFaultCntCell2,0x344,bms1_devDiagCntCellDSOH,56,8,
BMS1_devFaultCntCell2,0x344,bms1_devDiagCntCellLowSOHe,48,8,
BMS1_devFaultCntCell2,0x344,bms1_devDiagCntCellUVPack,40,8,
BMS1_devFaultCntCell2,0x344,bms1_devDiagCntCellUV,32,8,
BMS1_devFaultCntCell2,0x344,bms1_devDiagCntCellUDT,24,8,
BMS1_devFaultCntCell2,0x344,bms1_devDiagCntCellUCT,16,8,
BMS1_devFaultCntCell2,0x344,bms1_devDiagCntCellOV,8,8,
BMS1_devFaultCntCell2,0x344,bms1_devDiagCntCellODT,0,8,
BMS1_devFaultCntCell1,0x343,bms1_devDiagCntCellOCT,56,8,
BMS1_devFaultCntCell1,0x343,bms1_devDiagCntCellOCD,48,8,
BMS1_devFaultCntCell1,0x343,bms1_devDiagCntCellOCC,40,8,
BMS1_devFaultCntCell1,0x343,bms1_devDiagCntCellImbTemp,32,8,
BMS1_devFaultCntCell1,0x343,bms1_devDiagCntCellImbSOC,24,8,
BMS1_devFaultCntCell1,0x343,bms1_devDiagCntCellImbChg,16,8,
BMS1_devFaultCntCell1,0x343,bms1_devDiagCntCellImbCellRest,8,8,
BMS1_devFaultCntCell1,0x343,bms1_devDiagCntCellAgvOV,0,8,
BMS1_devFaultCntBMS,0x342,bms1_devDiagCntBmsShortIC,48,8,
BMS1_devFaultCntBMS,0x342,bms1_devDiagCntBmsPFET_Tiemout,40,8,
BMS1_devFaultCntBMS,0x342,bms1_devDiagCntBmsPFET_OT,32,8,
BMS1_devFaultCntBMS,0x342,bms1_devDiagCntBmsDFET,24,8,
BMS1_devFaultCntBMS,0x342,bms1_devDiagCntBmsCFET,16,8,
BMS1_devFaultCntBMS,0x342,bms1_devDiagCntBmsAsicShutdown,8,8,
BMS1_devFaultCntBMS,0x342,bms1_devDiagCntBmsAsicCommLoss,0,8,
BMS1_devFaultCntAsic_CS,0x341,bms1_devChecksum,48,16,
BMS1_devFaultCntAsic_CS,0x341,bms1_devDiagCntAsicXReady,40,8,
BMS1_devFaultCntAsic_CS,0x341,bms1_devDiagCntAsicUV,32,8,
BMS1_devFaultCntAsic_CS,0x341,bms1_devDiagCntAsicShort,24,8,
BMS1_devFaultCntAsic_CS,0x341,bms1_devDiagCntAsicOverride,16,8,
BMS1_devFaultCntAsic_CS,0x341,bms1_devDiagCntAsicOV,8,8,
BMS1_devFaultCntAsic_CS,0x341,bms1_devDiagCntAsicOCD,0,8,
BMS1_devCellVolt3,0x34b,bms1_devVoltageCell14,16,16,V
BMS1_devCellVolt3,0x34b,bms1_devVoltageCell13,0,16,V
BMS1_devCellVolt2,0x34a,bms1_devVoltageCell12,48,16,V
BMS1_devCellVolt2,0x34a,bms1_devVoltageCell11,32,16,V
BMS1_devCellVolt2,0x34a,bms1_devVoltageCell10,16,16,V
BMS1_devCellVolt2,0x34a,bms1_devVoltageCell09,0,16,V
BMS1_devCellVolt1,0x349,bms1_devVoltageCell08,48,16,V
BMS1_devCellVolt1,0x349,bms1_devVoltageCell07,32,16,V
BMS1_devCellVolt1,0x349,bms1_devVoltageCell06,16,16,V
BMS1_devCellVolt1,0x349,bms1_devVoltageCell05,0,16,V
BMS1_devCellVolt0,0x348,bms1_devVoltageCell04,48,16,V
BMS1_devCellVolt0,0x348,bms1_devVoltageCell03,32,16,V
BMS1_devCellVolt0,0x348,bms1_devVoltageCell02,16,16,V
BMS1_devCellVolt0,0x348,bms1_devVoltageCell01,0,16,V
BMS0_devCellVolt3,0x33b,bms0_devVoltageCell14,16,16,V
BMS0_devCellVolt3,0x33b,bms0_devVoltageCell13,0,16,V
BMS0_devCellVolt2,0x33a,bms0_devVoltageCell12,48,16,V
BMS0_devCellVolt2,0x33a,bms0_devVoltageCell11,32,16,V
BMS0_devCellVolt2,0x33a,bms0_devVoltageCell10,16,16,V
BMS0_devCellVolt2,0x33a,bms0_devVoltageCell09,0,16,V
BMS0_devCellVolt0,0x338,bms0_devVoltageCell04,48,16,V
BMS0_devCellVolt0,0x338,bms0_devVoltageCell03,32,16,V
BMS0_devCellVolt0,0x338,bms0_devVoltageCell02,16,16,V
BMS0_devCellVolt0,0x338,bms0_devVoltageCell01,0,16,V
BMS0_devCellVolt1,0x339,bms0_devVoltageCell08,48,16,V
BMS0_devCellVolt1,0x339,bms0_devVoltageCell07,32,16,V
BMS0_devCellVolt1,0x339,bms0_devVoltageCell06,16,16,V
BMS0_devCellVolt1,0x339,bms0_devVoltageCell05,0,16,V
BMS0_ctrlResp_FRP,0x30d,reflash_ReqSubIndex_bms,4,20,
BMS0_ctrlResp_FRP,0x30d,reflash_ReqIndex_bms,0,4,
BMS0_ctrlResp_FRP,0x30d,reflash_ReqData5_bms,56,8,
BMS0_ctrlResp_FRP,0x30d,reflash_ReqData4_bms,48,8,
BMS0_ctrlResp_FRP,0x30d,reflash_ReqData3_bms,40,8,
BMS0_ctrlResp_FRP,0x30d,reflash_ReqData2_bms,32,8,
BMS0_ctrlResp_FRP,0x30d,reflash_ReqData1_bms,24,8,
BMS0_verPackVersion,0x31d,bms0_verHardwarePCB,8,4,
BMS0_verPackVersion,0x31d,bms0_verMfgSerialNo,48,16,
BMS0_verPackVersion,0x31d,bms0_verMfgDate,32,16,
BMS0_verPackVersion,0x31d,bms0_verHardwareSch,12,4,
BMS0_verPackVersion,0x31d,bms0_verSoftwareMajor,16,1,
BMS0_verPackVersion,0x31d,bms0_verBootloader,0,8,
BMS0_verPackVersion,0x31d,bms0_verSoftwareSubminor,20,12,
BMS0_verPackVersion,0x31d,bms0_verSoftwareMinor,17,3,
BMS0_ctrlCharger,0x31c,bms0_stsChgMode,48,4,
BMS0_ctrlCharger,0x31c,bms0_ctrlChargerLimitCurrent,0,16,A
BMS0_ctrlCharger,0x31c,bms0_ctrlChargerLimitVoltage,16,16,V
BMS0_ctrlCharger,0x31c,bms0_ctrlChargerTimeToFull,32,16,min
BMS0_devFaultCntAsic_CS,0x331,bms0_devChecksum,48,16,
BMS0_devFaultCntAsic_CS,0x331,bms0_devDiagCntAsicOverride,16,8,
BMS0_devFaultCntAsic_CS,0x331,bms0_devDiagCntAsicShort,24,8,
BMS0_devFaultCntAsic_CS,0x331,bms0_devDiagCntAsicOCD,0,8,
BMS0_devFaultCntAsic_CS,0x331,bms0_devDiagCntAsicUV,32,8,
BMS0_devFaultCntAsic_CS,0x331,bms0_devDiagCntAsicOV,8,8,
BMS0_devFaultCntAsic_CS,0x331,bms0_devDiagCntAsicXReady,40,8,
BMS0_devFaultCntBMS,0x332,bms0_devDiagCntBmsShortIC,48,8,
BMS0_devFaultCntBMS,0x332,bms0_devDiagCntBmsPFET_Timeout,40,8,
BMS0_devFaultCntBMS,0x332,bms0_devDiagCntBmsAsicShutdown,8,8,
BMS0_devFaultCntBMS,0x332,bms0_devDiagCntBmsAsicCommLoss,0,8,
BMS0_devFaultCntBMS,0x332,bms0_devDiagCntBmsPFET_OT,32,8,
BMS0_devFaultCntBMS,0x332,bms0_devDiagCntBmsDFET,24,8,
BMS0_devFaultCntBMS,0x332,bms0_devDiagCntBmsCFET,16,8,
BMS0_devFaultCntCell1,0x333,bms0_devDiagCntCellImbTemp,32,8,
BMS0_devFaultCntCell1,0x333,bms0_devDiagCntCellImbSOC,24,8,
BMS0_devFaultCntCell1,0x333,bms0_devDiagCntCellImbChg,16,8,
BMS0_devFaultCntCell1,0x333,bms0_devDiagCntCellImbCellRest,8,8,
BMS0_devFaultCntCell1,0x333,bms0_devDiagCntCellAgvOV,0,8,
BMS0_devFaultCntCell1,0x333,bms0_devDiagCntCellOCT,56,8,
BMS0_devFaultCntCell1,0x333,bms0_devDiagCntCellOCD,48,8,
BMS0_devFaultCntCell1,0x333,bms0_devDiagCntCellOCC,40,8,
BMS0_devFaultCntCell2,0x334,bms0_devDiagCntCellDSOH,56,8,
BMS0_devFaultCntCell2,0x334,bms0_devDiagCntCellLowSOHe,48,8,
BMS0_devFaultCntCell2,0x334,bms0_devDiagCntCellUV,32,8,
BMS0_devFaultCntCell2,0x334,bms0_devDiagCntCellUDT,24,8,
BMS0_devFaultCntCell2,0x334,bms0_devDiagCntCellUCT,16,8,
BMS0_devFaultCntCell2,0x334,bms0_devDiagCntCellOV,8,8,
BMS0_devFaultCntCell2,0x334,bms0_devDiagCntCellODT,0,8,
BMS0_devFaultCntCell2,0x334,bms0_devDiagCntCellUVPack,40,8,
BMS0_devFaultCntPack,0x335,bms0_devDiagCntRam,40,8,
BMS0_devFaultCntPack,0x335,bms0_devDiagCntMCU,32,8,
BMS0_devFaultCntPack,0x335,bms0_devResetCntByVCU,48,16,
BMS0_devFaultCntPack,0x335,bms0_devDiagCntPackFETTemp,24,8,
BMS0_devFaultCntPack,0x335,bms0_devDiagCntPackFuseOC,16,8,
BMS0_devFaultCntPack,0x335,bms0_devDiagCntPackFuseR,8,8,
BMS0_devFaultCntPack,0x335,bms0_devDiagCntPackFuseBlow,0,8,
BMS0_devMsrTemp,0x336,bms0_devStsPowertrain,48,8,
BMS0_devMsrTemp,0x336,bms0_devI2C400kHzNack,40,8,
BMS0_devMsrTemp,0x336,bms0_devLedBlink,32,8,
BMS0_devMsrTemp,0x336,bms0_devCbOnCnt,24,8,
BMS0_devMsrTemp,0x336,bms0_devTopCellOffset,16,8,mV
BMS0_devMsrTemp,0x336,bms0_devVoltageCellDiff,8,8,mV
BMS0_devMsrTemp,0x336,bms0_devMsrTempCB1,0,8,¡É
BMS0_devStsCB,0x330,bms0_devStsCB08,14,2,
BMS0_devStsCB,0x330,bms0_devStsCB07,12,2,
BMS0_devStsCB,0x330,bms0_devStsCB06,10,2,
BMS0_devStsCB,0x330,bms0_devStsCB05,8,2,
BMS0_devStsCB,0x330,bms0_devStsCB04,6,2,
BMS0_devStsCB,0x330,bms0_devStsCB03,4,2,
BMS0_devStsCB,0x330,bms0_devStsCB02,2,2,
BMS0_devStsCB,0x330,bms0_devStsCB01,0,2,
BMS0_devStsCB,0x330,bms0_devStsCB09,16,2,
BMS0_devStsCB,0x330,bms0_devStsCB10,18,2,
BMS0_devStsCB,0x330,bms0_devStsCB11,20,2,
BMS0_devStsCB,0x330,bms0_devStsCB12,22,2,
BMS0_devStsCB,0x330,bms0_devStsCB13,24,2,
BMS0_devStsCB,0x330,bms0_devStsCB14,26,2,
BMS0_estSOC,0x314,bms0_estCycleCnt,0,16,
BMS0_estSOC,0x314,bms0_estSOH,24,8,%
BMS0_estSOC,0x314,bms0_estRSOC,16,8,%
BMS0_estSOC,0x314,bms0_stsAliveCnt_estSOC,52,4,
BMS0_estSOC,0x314,bms0_stsChecksum_estSOC,56,8,
BMS0_estSOPCharge2s,0x313,bms0_estMaxChgPwr2s,16,16,W
BMS0_estSOPCharge2s,0x313,bms0_estMaxChgCurrent2s,0,16,A
BMS0_estSOPCharge2s,0x313,bms0_stsAliveCnt_estSOPC2s,52,4,
BMS0_estSOPCharge2s,0x313,bms0_stsChecksum_estSOPC2s,56,8,
BMS0_msrPack,0x311,bms0_msrVoltagePackTerminal,32,16,V
BMS0_msrPack,0x311,bms0_msrCurrentPack,0,16,A
BMS0_msrPack,0x311,bms0_msrVoltagePack,16,16,V
BMS0_msrPack,0x311,bms0_stsAliveCnt_msrPack,52,4,
BMS0_msrPack,0x311,bms0_stsChecksum_msrPack,56,8,
BMS0_msrTemp,0x317,bms0_msrTempPreChgFet,56,8,¡É
BMS0_msrTemp,0x317,bms0_msrTempFET2,48,8,¡É
BMS0_msrTemp,0x317,bms0_msrTempFET1,40,8,¡É
BMS0_msrTemp,0x317,bms0_msrTempCellMaxNo,16,8,Th
BMS0_msrTemp,0x317,bms0_msrTempCellMax,8,8,¡É
BMS0_msrTemp,0x317,bms0_msrTempCellMinNo,32,8,Th
BMS0_msrTemp,0x317,bms0_msrTempCellMin,24,8,¡É
BMS0_msrTemp,0x317,bms0_msrTempCellAvg,0,8,¡É
BMS0_msrVoltageCell,0x315,bms0_msrVoltageCellMaxNo,32,8,Bank
BMS0_msrVoltageCell,0x315,bms0_msrVoltageCellMax,16,16,V
BMS0_msrVoltageCell,0x315,bms0_msrVoltageCellMinNo,40,8,Bank
BMS0_msrVoltageCell,0x315,bms0_msrVoltageCellMin,48,16,V
BMS0_msrVoltageCell,0x315,bms0_msrVoltageCellAvg,0,16,V
BMS0_stsAccumMileage,0x31b,bms0_stsAccumMileage,0,32,km
BMS0_estSOPDischarge2s,0x312,bms0_stsChecksum_estSOPD2s,56,8,
BMS0_estSOPDischarge2s,0x312,bms0_stsAliveCnt_estSOPD2s,52,4,
BMS0_estSOPDischarge2s,0x312,bms0_estMaxDsgCurrent2s,0,16,A
BMS0_estSOPDischarge2s,0x312,bms0_estMaxDsgPwr2s,16,16,W
CHARGER_stsCharger,0x501,charger_stsChecksum_501,56,8,
CHARGER_stsCharger,0x501,charger_msrVoltage,0,16,V
CHARGER_stsCharger,0x501,charger_msrCurrent,16,16,A
CHARGER_stsCharger,0x501,charger_stsMode,40,4,
CHARGER_stsCharger,0x501,charger_stsAliveCnt_501,52,4,
CHARGER_stsCharger,0x501,charger_stsIgnitionRecog,44,1,
CHARGER_stsCharger,0x501,charger_msrTemperature,32,8,¡É
CHARGER_ControlBMS,0x502,charger_reqCurrent,32,16,A
CHARGER_ControlBMS,0x502,charger_reqChgMode,48,4,
CHARGER_ControlBMS,0x502,charger_ReqProtocolVer,16,4,
CHARGER_ControlBMS,0x502,charger_ReqID,24,2,
CHARGER_ControlBMS,0x502,charger_stsChecksum_502,56,8,
CHARGER_ControlBMS,0x502,charger_stsAliveCnt_502,52,4,
CHARGER_ControlBMS,0x502,charger_wakeupBMS0,1,1,-
CHARGER_ControlBMS,0x502,charger_verChargerType,4,4,
CHARGER_ControlBMS,0x502,charger_controlmodeBMS0,2,1,
CHARGER_ControlBMS,0x502,charger_commrequiredBMS0,0,1,
CHARGER_stsDiagInfo,0x503,charger_stsChecksum_503,56,8,
CHARGER_stsDiagInfo,0x503,charger_stsAliveCnt_503,52,4,
CHARGER_stsDiagInfo,0x503,charger_stsOverCurrent,0,1,
CHARGER_stsDiagInfo,0x503,charger_stsOverVoltage,1,1,
CHARGER_stsDiagInfo,0x503,charger_stsOverTemp,3,1,
CHARGER_stsDiagInfo,0x503,charger_stsShortcircuit,2,1,
CHARGER_stsDiagInfo,0x503,charger_stsCccvtimeout,4,1,
REFLASH_ctrlReq_BMS,0x30f,reflash_ReqIndex_FRP,0,4,
REFLASH_ctrlReq_BMS,0x30f,reflash_ReqSubIndex_FRP,4,20,
REFLASH_ctrlReq_BMS,0x30f,reflash_ReqData1_FRP,24,8,
REFLASH_ctrlReq_BMS,0x30f,reflash_ReqData2_FRP,32,8,
REFLASH_ctrlReq_BMS,0x30f,reflash_ReqData3_FRP,40,8,
REFLASH_ctrlReq_BMS,0x30f,reflash_ReqData4_FRP,48,8,
REFLASH_ctrlReq_BMS,0x30f,reflash_ReqData5_FRP,56,8,
BMS0_stsBMS,0x310,bms0_stsAbnormalChargerCtrl,48,1,
BMS0_stsBMS,0x310,bms0_stsLowSoheAlarm,49,1,
BMS0_stsBMS,0x310,bms0_stsToogleRunning,51,1,-
BMS0_stsBMS,0x310,bms0_stsToogleMesaure,50,1,-
BMS0_stsBMS,0x310,bms0_DiagMsg_VCU_Status,38,2,
BMS0_stsBMS,0x310,bms0_DiagMsg_VCU_ODO,36,2,
BMS0_stsBMS,0x310,bms0_DiagMsg_VCU_Control,34,2,
BMS0_stsBMS,0x310,bms0_DiagMsg_Charger_Status,32,2,
BMS0_stsBMS,0x310,bms0_DiagMsg_Charger_Diag,30,2,
BMS0_stsBMS,0x310,bms0_DiagMsg_Charger_Control,28,2,
BMS0_stsBMS,0x310,bms0_stsBmsState,4,4,
BMS0_stsBMS,0x310,bms0_stsChecksum_stsBMS,56,8,
BMS0_stsBMS,0x310,bms0_stsAliveCnt_stsBMS,52,4,
BMS0_stsBMS,0x310,bms0_stsPwrDFET,12,2,
BMS0_stsBMS,0x310,bms0_stsPwrCFET,10,2,
BMS0_stsBMS,0x310,bms0_stsPrechargeFET,8,2,
BMS0_stsBMS,0x310,bms0_stsFullyCharged,26,2,
BMS0_stsBMS,0x310,bms0_stsDiagInfo,16,8,
BMS0_stsBMS,0x310,bms0_stsCurrentDirection,14,2,
BMS0_stsBMS,0x310,bms0_stsIgnitionRecog,24,2,
BMS0_stsBMS,0x310,bms0_stsBmsMode,0,4,
